epoch,train_loss,train_auc,train_f1,val_loss,val_auc,val_f1,lr
1,0.701688289642334,0.34748251748251746,0.23826839826839824,0.7005575895309448,0.4916666666666666,0.2844444444444444,0.001
