epoch,train_loss,train_auc,train_f1,val_loss,val_auc,val_f1,lr
1,0.7302255630493164,0.5533682983682984,0.21000000000000002,0.6924082040786743,0.4392857142857142,0.12444444444444444,0.001
