epoch,train_loss,train_auc,train_f1,val_loss,val_auc,val_f1,lr
1,0.6777973771095276,0.5976923076923076,0.125,0.6686495542526245,0.4226190476190476,0.0,0.001
