epoch,train_loss,train_auc,train_f1,val_loss,val_auc,val_f1,lr
1,0.7409715056419373,0.5031177156177157,0.07058823529411765,0.6744157075881958,0.49642857142857144,0.16,0.001
