epoch,train_loss,train_auc,train_f1,val_loss,val_auc,val_f1,lr
1,0.7415406107902527,0.45206293706293704,0.17123543123543122,0.6783989071846008,0.530952380952381,0.16,0.001
